aws.analytics,AmazonOpensearchService,amazon-opensearch-service.png,Architecture-Service-Icons_07312025/Arch_Analytics/64/Arch_Amazon-OpenSearch-Service_64.svg
aws.analytics,Analytics,analytics.png,Category-Icons_07312025/Arch-Category_64/Arch-Category_Analytics_64.svg
aws.analytics,Athena,athena.png,Architecture-Service-Icons_07312025/Arch_Analytics/64/Arch_Amazon-Athena_64.svg
aws.analytics,CloudsearchSearchDocuments,cloudsearch-search-documents.png,Resource-Icons_07312025/Res_Analytics/Res_Amazon-CloudSearch_Search-Documents_48.svg
aws.analytics,Cloudsearch,cloudsearch.png,Architecture-Service-Icons_07312025/Arch_Analytics/64/Arch_Amazon-Cloudsearch_64.svg
aws.analytics,DataLakeResource,data-lake-resource.png,Resource-Icons_07312025/Res_Analytics/Res_AWS-Lake-Formation_Data-Lake_48.svg
aws.analytics,DataPipeline,data-pipeline.png,Architecture-Service-Icons_06072024/Arch_Analytics/64/Arch_AWS-Data-Pipeline_64.svg
aws.analytics,ElasticsearchService,elasticsearch-service.png,Architecture-Service-Icons_07312025/Arch_Analytics/64/Arch_Amazon-OpenSearch-Service_64.svg
aws.analytics,EMRCluster,emr-cluster.png,Resource-Icons_07312025/Res_Analytics/Res_Amazon-EMR_Cluster_48.svg
aws.analytics,EMREngineMaprM3,emr-engine-mapr-m3.png,NOT_FOUND
aws.analytics,EMREngineMaprM5,emr-engine-mapr-m5.png,NOT_FOUND
aws.analytics,EMREngineMaprM7,emr-engine-mapr-m7.png,NOT_FOUND
aws.analytics,EMREngine,emr-engine.png,Resource-Icons_07312025/Res_Analytics/Res_Amazon-EMR_EMR-Engine_48.svg
aws.analytics,EMRHdfsCluster,emr-hdfs-cluster.png,Resource-Icons_07312025/Res_Analytics/Res_Amazon-EMR_HDFS-Cluster_48.svg
aws.analytics,EMR,emr.png,Architecture-Service-Icons_07312025/Arch_Analytics/64/Arch_Amazon-EMR_64.svg
aws.analytics,GlueCrawlers,glue-crawlers.png,Resource-Icons_07312025/Res_Analytics/Res_AWS-Glue_Crawler_48.svg
aws.analytics,GlueDataCatalog,glue-data-catalog.png,Resource-Icons_07312025/Res_Analytics/Res_AWS-Glue_Data-Catalog_48.svg
aws.analytics,Glue,glue.png,Architecture-Service-Icons_07312025/Arch_Analytics/64/Arch_AWS-Glue_64.svg
aws.analytics,KinesisDataAnalytics,kinesis-data-analytics.png,Architecture-Service-Icons_04282023/Arch_Analytics/64/Arch_Amazon-Kinesis-Data-Analytics_64.svg
aws.analytics,KinesisDataFirehose,kinesis-data-firehose.png,Architecture-Service-Icons_07312025/Arch_Analytics/64/Arch_Amazon-Data-Firehose_64.svg
aws.analytics,KinesisDataStreams,kinesis-data-streams.png,Architecture-Service-Icons_07312025/Arch_Analytics/64/Arch_Amazon-Kinesis-Data-Streams_64.svg
aws.analytics,KinesisVideoStreams,kinesis-video-streams.png,Architecture-Service-Icons_07312025/Arch_Analytics/64/Arch_Amazon-Kinesis-Video-Streams_64.svg
aws.analytics,Kinesis,kinesis.png,Architecture-Service-Icons_07312025/Arch_Analytics/64/Arch_Amazon-Kinesis_64.svg
aws.analytics,LakeFormation,lake-formation.png,Architecture-Service-Icons_07312025/Arch_Analytics/64/Arch_AWS-Lake-Formation_64.svg
aws.analytics,ManagedStreamingForKafka,managed-streaming-for-kafka.png,Architecture-Service-Icons_07312025/Arch_Analytics/64/Arch_Amazon-Managed-Streaming-for-Apache-Kafka_64.svg
aws.analytics,Quicksight,quicksight.png,Architecture-Service-Icons_07312025/Arch_Analytics/64/Arch_Amazon-Quicksight_64.svg
aws.analytics,RedshiftDenseComputeNode,redshift-dense-compute-node.png,Resource-Icons_07312025/Res_Analytics/Res_Amazon-Redshift_Dense-Compute-Node_48.svg
aws.analytics,RedshiftDenseStorageNode,redshift-dense-storage-node.png,Resource-Icons_07312025/Res_Analytics/Res_Amazon-Redshift_Dense-Storage-Node_48.svg
aws.analytics,Redshift,redshift.png,Architecture-Service-Icons_07312025/Arch_Analytics/64/Arch_Amazon-Redshift_64.svg
aws.ar,ArVr,ar-vr.png,Category-Icons_01312023/Arch-Category_64/Arch-Category_VR-AR_64.svg
aws.ar,Sumerian,sumerian.png,Architecture-Service-Icons_01312023/Arch_VR-AR/Arch_64/Arch_Amazon-Sumerian_64.svg
aws.blockchain,BlockchainResource,blockchain-resource.png,Resource-Icons_07312025/Res_Blockchain/Res_Amazon-Managed-Blockchain_Blockchain_48.svg
aws.blockchain,Blockchain,blockchain.png,Category-Icons_07312025/Arch-Category_64/Arch-Category_Blockchain_64.svg
aws.blockchain,ManagedBlockchain,managed-blockchain.png,Architecture-Service-Icons_07312025/Arch_Blockchain/64/Arch_Amazon-Managed-Blockchain_64.svg
aws.blockchain,QuantumLedgerDatabaseQldb,quantum-ledger-database-qldb.png,Architecture-Service-Icons_07312025/Arch_Blockchain/64/Arch_Amazon-Quantum-Ledger-Database_64.svg
aws.business,AlexaForBusiness,alexa-for-business.png,Architecture-Service-Icons_07312025/Arch_Business-Applications/64/Arch_Alexa-For-Business_64.svg
aws.business,BusinessApplications,business-applications.png,Category-Icons_07312025/Arch-Category_64/Arch-Category_Business-Applications_64.svg
aws.business,Chime,chime.png,Architecture-Service-Icons_07312025/Arch_Business-Applications/64/Arch_Amazon-Chime_64.svg
aws.business,Workmail,workmail.png,Architecture-Service-Icons_07312025/Arch_Business-Applications/64/Arch_Amazon-Workmail_64.svg
aws.compute,AppRunner,app-runner.png,Architecture-Service-Icons_07312025/Arch_Compute/64/Arch_AWS-App-Runner_64.svg
aws.compute,ApplicationAutoScaling,application-auto-scaling.png,Architecture-Service-Icons_01312023/Arch_Compute/64/Arch_Amazon-Application-Auto-Scaling_64.svg
aws.compute,Batch,batch.png,Architecture-Service-Icons_07312025/Arch_Compute/64/Arch_AWS-Batch_64.svg
aws.compute,ComputeOptimizer,compute-optimizer.png,Architecture-Service-Icons_07312025/Arch_Management-Governance/64/Arch_AWS-Compute-Optimizer_64.svg
aws.compute,Compute,compute.png,Category-Icons_07312025/Arch-Category_64/Arch-Category_Compute_64.svg
aws.compute,EC2Ami,ec2-ami.png,Resource-Icons_07312025/Res_Compute/Res_Amazon-EC2_AMI_48.svg
aws.compute,EC2AutoScaling,ec2-auto-scaling.png,Resource-Icons_07312025/Res_Compute/Res_Amazon-EC2_Auto-Scaling_48.svg
aws.compute,EC2ContainerRegistryImage,ec2-container-registry-image.png,Resource-Icons_07312025/Res_Containers/Res_Amazon-Elastic-Container-Registry_Image_48.svg
aws.compute,EC2ContainerRegistryRegistry,ec2-container-registry-registry.png,Resource-Icons_07312025/Res_Containers/Res_Amazon-Elastic-Container-Registry_Registry_48.svg
aws.compute,EC2ContainerRegistry,ec2-container-registry.png,Architecture-Service-Icons_07312025/Arch_Containers/64/Arch_Amazon-Elastic-Container-Registry_64.svg
aws.compute,EC2ElasticIpAddress,ec2-elastic-ip-address.png,Resource-Icons_07312025/Res_Compute/Res_Amazon-EC2_Elastic-IP-Address_48.svg
aws.compute,EC2ImageBuilder,ec2-image-builder.png,Architecture-Service-Icons_07312025/Arch_Compute/64/Arch_Amazon-EC2-Image-Builder_64.svg
aws.compute,EC2Instance,ec2-instance.png,Resource-Icons_07312025/Res_Compute/Res_Amazon-EC2_Instance_48.svg
aws.compute,EC2Instances,ec2-instances.png,Resource-Icons_07312025/Res_Compute/Res_Amazon-EC2_Instances_48.svg
aws.compute,EC2Rescue,ec2-rescue.png,Resource-Icons_07312025/Res_Compute/Res_Amazon-EC2_Rescue_48.svg
aws.compute,EC2SpotInstance,ec2-spot-instance.png,Resource-Icons_07312025/Res_Compute/Res_Amazon-EC2_Spot-Instance_48.svg
aws.compute,EC2,ec2.png,Architecture-Service-Icons_07312025/Arch_Compute/64/Arch_Amazon-EC2_64.svg
aws.compute,ElasticBeanstalkApplication,elastic-beanstalk-application.png,Resource-Icons_07312025/Res_Compute/Res_AWS-Elastic-Beanstalk_Application_48.svg
aws.compute,ElasticBeanstalkDeployment,elastic-beanstalk-deployment.png,Resource-Icons_07312025/Res_Compute/Res_AWS-Elastic-Beanstalk_Deployment_48.svg
aws.compute,ElasticBeanstalk,elastic-beanstalk.png,Architecture-Service-Icons_07312025/Arch_Compute/64/Arch_AWS-Elastic-Beanstalk_64.svg
aws.compute,ElasticContainerServiceContainer,elastic-container-service-container.png,Resource-Icons_07312025/Res_Containers/Res_Amazon-Elastic-Container-Service_Container-1_48.svg
aws.compute,ElasticContainerServiceService,elastic-container-service-service.png,Resource-Icons_07312025/Res_Containers/Res_Amazon-Elastic-Container-Service_Service_48.svg
aws.compute,ElasticContainerService,elastic-container-service.png,Architecture-Service-Icons_07312025/Arch_Containers/64/Arch_Amazon-Elastic-Container-Service_64.svg
aws.compute,ElasticKubernetesService,elastic-kubernetes-service.png,Architecture-Service-Icons_07312025/Arch_Containers/64/Arch_Amazon-Elastic-Kubernetes-Service_64.svg
aws.compute,Fargate,fargate.png,Architecture-Service-Icons_07312025/Arch_Containers/64/Arch_AWS-Fargate_64.svg
aws.compute,LambdaFunction,lambda-function.png,Resource-Icons_07312025/Res_Compute/Res_AWS-Lambda_Lambda-Function_48.svg
aws.compute,Lambda,lambda.png,Architecture-Service-Icons_07312025/Arch_Compute/64/Arch_AWS-Lambda_64.svg
aws.compute,Lightsail,lightsail.png,Architecture-Service-Icons_07312025/Arch_Compute/64/Arch_Amazon-Lightsail_64.svg
aws.compute,LocalZones,local-zones.png,Architecture-Service-Icons_07312025/Arch_Compute/64/Arch_AWS-Local-Zones_64.svg
aws.compute,Outposts,outposts.png,Architecture-Service-Icons_07312025/Arch_Compute/64/Arch_AWS-Outposts-rack_64.svg
aws.compute,ServerlessApplicationRepository,serverless-application-repository.png,Architecture-Service-Icons_07312025/Arch_Compute/64/Arch_AWS-Serverless-Application-Repository_64.svg
aws.compute,ThinkboxDeadline,thinkbox-deadline.png,Architecture-Service-Icons_07312025/Arch_Media-Services/64/Arch_AWS-Thinkbox-Deadline_64.svg
aws.compute,ThinkboxDraft,thinkbox-draft.png,NOT_FOUND
aws.compute,ThinkboxFrost,thinkbox-frost.png,Architecture-Service-Icons_07312025/Arch_Media-Services/64/Arch_AWS-Thinkbox-Frost_64.svg
aws.compute,ThinkboxKrakatoa,thinkbox-krakatoa.png,Architecture-Service-Icons_07312025/Arch_Media-Services/64/Arch_AWS-Thinkbox-Krakatoa_64.svg
aws.compute,ThinkboxSequoia,thinkbox-sequoia.png,Architecture-Service-Icons_07312025/Arch_Media-Services/64/Arch_AWS-Thinkbox-Sequoia_64.svg
aws.compute,ThinkboxStoke,thinkbox-stoke.png,Architecture-Service-Icons_07312025/Arch_Media-Services/64/Arch_AWS-Thinkbox-Stoke_64.svg
aws.compute,ThinkboxXmesh,thinkbox-xmesh.png,Architecture-Service-Icons_07312025/Arch_Media-Services/64/Arch_AWS-Thinkbox-XMesh_64.svg
aws.compute,VmwareCloudOnAWS,vmware-cloud-on-aws.png,Architecture-Service-Icons_01312024/Arch_Compute/64/Arch_VMware-Cloud-on-AWS_64.svg
aws.compute,Wavelength,wavelength.png,Architecture-Service-Icons_07312025/Arch_Compute/64/Arch_AWS-Wavelength_64.svg
aws.cost,Budgets,budgets.png,Architecture-Service-Icons_07312025/Arch_Cloud-Financial-Management/64/Arch_AWS-Budgets_64.svg
aws.cost,CostAndUsageReport,cost-and-usage-report.png,Architecture-Service-Icons_07312025/Arch_Cloud-Financial-Management/64/Arch_AWS-Cost-and-Usage-Report_64.svg
aws.cost,CostExplorer,cost-explorer.png,Architecture-Service-Icons_07312025/Arch_Cloud-Financial-Management/64/Arch_AWS-Cost-Explorer_64.svg
aws.cost,CostManagement,cost-management.png,Category-Icons_07312025/Arch-Category_64/Arch-Category_Cloud-Financial-Management_64.svg
aws.cost,ReservedInstanceReporting,reserved-instance-reporting.png,Architecture-Service-Icons_07312025/Arch_Cloud-Financial-Management/64/Arch_Reserved-Instance-Reporting_64.svg
aws.cost,SavingsPlans,savings-plans.png,Architecture-Service-Icons_07312025/Arch_Cloud-Financial-Management/64/Arch_Savings-Plans_64.svg
aws.database,AuroraInstance,aurora-instance.png,Resource-Icons_07312025/Res_Database/Res_Amazon-Aurora-Instance_48.svg
aws.database,Aurora,aurora.png,Architecture-Service-Icons_07312025/Arch_Database/64/Arch_Amazon-Aurora_64.svg
aws.database,DatabaseMigrationServiceDatabaseMigrationWorkflow,database-migration-service-database-migration-workflow.png,Resource-Icons_07312025/Res_Database/Res_AWS-Database-Migration-Service_Database-migration-workflow-or-job_48.svg
aws.database,DatabaseMigrationService,database-migration-service.png,Architecture-Service-Icons_07312025/Arch_Database/64/Arch_AWS-Database-Migration-Service_64.svg
aws.database,Database,database.png,Category-Icons_07312025/Arch-Category_64/Arch-Category_Database_64.svg
aws.database,DocumentdbMongodbCompatibility,documentdb-mongodb-compatibility.png,Architecture-Service-Icons_07312025/Arch_Database/64/Arch_Amazon-DocumentDB_64.svg
aws.database,DynamodbAttribute,dynamodb-attribute.png,Resource-Icons_07312025/Res_Database/Res_Amazon-DynamoDB_Attribute_48.svg
aws.database,DynamodbAttributes,dynamodb-attributes.png,Resource-Icons_07312025/Res_Database/Res_Amazon-DynamoDB_Attributes_48.svg
aws.database,DynamodbDax,dynamodb-dax.png,Resource-Icons_07312025/Res_Database/Res_Amazon-DynamoDB_Amazon-DynamoDB-Accelerator_48.svg
aws.database,DynamodbGlobalSecondaryIndex,dynamodb-global-secondary-index.png,Resource-Icons_07312025/Res_Database/Res_Amazon-DynamoDB_Global-secondary-index_48.svg
aws.database,DynamodbItem,dynamodb-item.png,Resource-Icons_07312025/Res_Database/Res_Amazon-DynamoDB_Item_48.svg
aws.database,DynamodbItems,dynamodb-items.png,Resource-Icons_07312025/Res_Database/Res_Amazon-DynamoDB_Items_48.svg
aws.database,DynamodbStreams,dynamodb-streams.png,Resource-Icons_07312025/Res_Database/Res_Amazon-DynamoDB_Stream_48.svg
aws.database,DynamodbTable,dynamodb-table.png,Resource-Icons_07312025/Res_Database/Res_Amazon-DynamoDB_Table_48.svg
aws.database,Dynamodb,dynamodb.png,Architecture-Service-Icons_07312025/Arch_Database/64/Arch_Amazon-Dynamodb_64.svg
aws.database,ElasticacheCacheNode,elasticache-cache-node.png,Resource-Icons_07312025/Res_Database/Res_Amazon-ElastiCache_Cache-Node_48.svg
aws.database,ElasticacheForMemcached,elasticache-for-memcached.png,Resource-Icons_07312025/Res_Database/Res_Amazon-ElastiCache_ElastiCache-for-Memcached_48.svg
aws.database,ElasticacheForRedis,elasticache-for-redis.png,Resource-Icons_07312025/Res_Database/Res_Amazon-ElastiCache_ElastiCache-for-Redis_48.svg
aws.database,Elasticache,elasticache.png,Architecture-Service-Icons_07312025/Arch_Database/64/Arch_Amazon-Elasticache_64.svg
aws.database,KeyspacesManagedApacheCassandraService,keyspaces-managed-apache-cassandra-service.png,Architecture-Service-Icons_07312025/Arch_Database/64/Arch_Amazon-Keyspaces_64.svg
aws.database,Neptune,neptune.png,Architecture-Service-Icons_07312025/Arch_Database/64/Arch_Amazon-Neptune_64.svg
aws.database,QuantumLedgerDatabaseQldb,quantum-ledger-database-qldb.png,Architecture-Service-Icons_07312025/Arch_Blockchain/64/Arch_Amazon-Quantum-Ledger-Database_64.svg
aws.database,RDSInstance,rds-instance.png,Resource-Icons_07312025/Res_Database/Res_Amazon-Aurora_Amazon-RDS-Instance_48.svg
aws.database,RDSMariadbInstance,rds-mariadb-instance.png,Resource-Icons_07312025/Res_Database/Res_Amazon-Aurora-MariaDB-Instance_48.svg
aws.database,RDSMysqlInstance,rds-mysql-instance.png,Resource-Icons_07312025/Res_Database/Res_Amazon-Aurora-MySQL-Instance_48.svg
aws.database,RDSOnVmware,rds-on-vmware.png,Architecture-Service-Icons_06072024/Arch_Database/64/Arch_Amazon-RDS-on-VMware_64.svg
aws.database,RDSOracleInstance,rds-oracle-instance.png,Resource-Icons_07312025/Res_Database/Res_Amazon-Aurora-Oracle-Instance_48.svg
aws.database,RDSPostgresqlInstance,rds-postgresql-instance.png,Resource-Icons_07312025/Res_Database/Res_Amazon-Aurora-PostgreSQL-Instance_48.svg
aws.database,RDSSqlServerInstance,rds-sql-server-instance.png,Resource-Icons_07312025/Res_Database/Res_Amazon-Aurora-SQL-Server-Instance_48.svg
aws.database,RDS,rds.png,Architecture-Service-Icons_07312025/Arch_Database/64/Arch_Amazon-RDS_64.svg
aws.database,RedshiftDenseComputeNode,redshift-dense-compute-node.png,Resource-Icons_07312025/Res_Analytics/Res_Amazon-Redshift_Dense-Compute-Node_48.svg
aws.database,RedshiftDenseStorageNode,redshift-dense-storage-node.png,Resource-Icons_07312025/Res_Analytics/Res_Amazon-Redshift_Dense-Storage-Node_48.svg
aws.database,Redshift,redshift.png,Architecture-Service-Icons_07312025/Arch_Analytics/64/Arch_Amazon-Redshift_64.svg
aws.database,Timestream,timestream.png,Architecture-Service-Icons_07312025/Arch_Database/64/Arch_Amazon-Timestream_64.svg
aws.devtools,CloudDevelopmentKit,cloud-development-kit.png,Architecture-Service-Icons_07312025/Arch_Developer-Tools/64/Arch_AWS-Cloud-Development-Kit_64.svg
aws.devtools,Cloud9Resource,cloud9-resource.png,Resource-Icons_07312025/Res_Developer-Tools/Res_AWS-Cloud9_Cloud9_48.svg
aws.devtools,Cloud9,cloud9.png,Architecture-Service-Icons_07312025/Arch_Developer-Tools/64/Arch_AWS-Cloud9_64.svg
aws.devtools,Codeartifact,codeartifact.png,Architecture-Service-Icons_07312025/Arch_Developer-Tools/64/Arch_AWS-Codeartifact_64.svg
aws.devtools,Codebuild,codebuild.png,Architecture-Service-Icons_07312025/Arch_Developer-Tools/64/Arch_AWS-Codebuild_64.svg
aws.devtools,Codecommit,codecommit.png,Architecture-Service-Icons_07312025/Arch_Developer-Tools/64/Arch_AWS-Codecommit_64.svg
aws.devtools,Codedeploy,codedeploy.png,Architecture-Service-Icons_07312025/Arch_Developer-Tools/64/Arch_AWS-Codedeploy_64.svg
aws.devtools,Codepipeline,codepipeline.png,Architecture-Service-Icons_07312025/Arch_Developer-Tools/64/Arch_AWS-Codepipeline_64.svg
aws.devtools,Codestar,codestar.png,Architecture-Service-Icons_06072024/Arch_Developer-Tools/64/Arch_AWS-CodeStar_64.svg
aws.devtools,CommandLineInterface,command-line-interface.png,Architecture-Service-Icons_07312025/Arch_Developer-Tools/64/Arch_AWS-Command-Line-Interface_64.svg
aws.devtools,DeveloperTools,developer-tools.png,Category-Icons_07312025/Arch-Category_64/Arch-Category_Developer-Tools_64.svg
aws.devtools,ToolsAndSdks,tools-and-sdks.png,Architecture-Service-Icons_07312025/Arch_Developer-Tools/64/Arch_AWS-Tools-and-SDKs_64.svg
aws.devtools,XRay,x-ray.png,Architecture-Service-Icons_07312025/Arch_Developer-Tools/64/Arch_AWS-X-Ray_64.svg
aws.enablement,CustomerEnablement,customer-enablement.png,Category-Icons_07312025/Arch-Category_64/Arch-Category_Customer-Enablement_64.svg
aws.enablement,Iq,iq.png,Architecture-Service-Icons_07312025/Arch_Customer-Enablement/64/Arch_AWS-Iq_64.svg
aws.enablement,ManagedServices,managed-services.png,Architecture-Service-Icons_07312025/Arch_Customer-Enablement/64/Arch_AWS-Managed-Services_64.svg
aws.enablement,ProfessionalServices,professional-services.png,Architecture-Service-Icons_07312025/Arch_Customer-Enablement/64/Arch_AWS-Professional-Services_64.svg
aws.enablement,Support,support.png,Architecture-Service-Icons_07312025/Arch_Customer-Enablement/64/Arch_AWS-Support_64.svg
aws.enduser,Appstream20,appstream-2-0.png,Architecture-Service-Icons_07312025/Arch_End-User-Computing/64/Arch_Amazon-AppStream-2_64.svg
aws.enduser,DesktopAndAppStreaming,desktop-and-app-streaming.png,Category-Icons_07312025/Arch-Category_64/Arch-Category_End-User-Computing_64.svg
aws.enduser,Workdocs,workdocs.png,Architecture-Service-Icons_07312025/Arch_Business-Applications/64/Arch_Amazon-WorkDocs_64.svg
aws.enduser,Worklink,worklink.png,Architecture-Service-Icons_01312024/Arch_End-User-Computing/64/Arch_Amazon-WorkLink_64.svg
aws.enduser,Workspaces,workspaces.png,Architecture-Service-Icons_07312025/Arch_End-User-Computing/64/Arch_Amazon-WorkSpaces-Family_64.svg
aws.engagement,Connect,connect.png,Architecture-Service-Icons_07312025/Arch_Business-Applications/64/Arch_Amazon-Connect_64.svg
aws.engagement,CustomerEngagement,customer-engagement.png,Category-Icons_07312025/Arch-Category_64/Arch-Category_Business-Applications_64.svg
aws.engagement,Pinpoint,pinpoint.png,Architecture-Service-Icons_07312025/Arch_Business-Applications/64/Arch_Amazon-Pinpoint_64.svg
aws.engagement,SimpleEmailServiceSesEmail,simple-email-service-ses-email.png,Resource-Icons_07312025/Res_Business-Applications/Res_Amazon-Simple-Email-Service_Email_48.svg
aws.engagement,SimpleEmailServiceSes,simple-email-service-ses.png,Architecture-Service-Icons_07312025/Arch_Business-Applications/64/Arch_Amazon-Simple-Email-Service_64.svg
aws.game,GameTech,game-tech.png,Category-Icons_07312025/Arch-Category_64/Arch-Category_Games_64.svg
aws.game,Gamelift,gamelift.png,Architecture-Service-Icons_07312025/Arch_Games/64/Arch_Amazon-GameLift-Servers_64.svg
aws.general,Client,client.png,Resource-Icons_07312025/Res_General-Icons/Res_48_Light/Res_Client_48_Light.svg
aws.general,Client,client-dark.png,Resource-Icons_07312025/Res_General-Icons/Res_48_Dark/Res_Client_48_Dark.svg
aws.general,Disk,disk.png,Resource-Icons_07312025/Res_General-Icons/Res_48_Light/Res_Disk_48_Light.svg
aws.general,Disk,disk-dark.png,Resource-Icons_07312025/Res_General-Icons/Res_48_Dark/Res_Disk_48_Dark.svg
aws.general,Forums,forums.png,Resource-Icons_07312025/Res_General-Icons/Res_48_Light/Res_Forums_48_Light.svg
aws.general,Forums,forums-dark.png,Resource-Icons_07312025/Res_General-Icons/Res_48_Dark/Res_Forums_48_Dark.svg
aws.general,General,general.png,NOT_FOUND
aws.general,GenericDatabase,generic-database.png,Resource-Icons_07312025/Res_General-Icons/Res_48_Light/Res_Database_48_Light.svg
aws.general,GenericDatabase,generic-database-dark.png,Resource-Icons_07312025/Res_General-Icons/Res_48_Dark/Res_Database_48_Dark.svg
aws.general,GenericFirewall,generic-firewall.png,Resource-Icons_07312025/Res_General-Icons/Res_48_Light/Res_Firewall_48_Light.svg
aws.general,GenericFirewall,generic-firewall-dark.png,Resource-Icons_07312025/Res_General-Icons/Res_48_Dark/Res_Firewall_48_Dark.svg
aws.general,GenericOfficeBuilding,generic-office-building.png,Resource-Icons_07312025/Res_General-Icons/Res_48_Light/Res_Office-building_48_Light.svg
aws.general,GenericOfficeBuilding,generic-office-building-dark.png,Resource-Icons_07312025/Res_General-Icons/Res_48_Dark/Res_Office-building_48_Dark.svg
aws.general,GenericSamlToken,generic-saml-token.png,Resource-Icons_07312025/Res_General-Icons/Res_48_Light/Res_SAML-token_48_Light.svg
aws.general,GenericSamlToken,generic-saml-token-dark.png,Resource-Icons_07312025/Res_General-Icons/Res_48_Dark/Res_SAML-token_48_Dark.svg
aws.general,GenericSDK,generic-sdk.png,Resource-Icons_07312025/Res_General-Icons/Res_48_Light/Res_SDK_48_Light.svg
aws.general,GenericSDK,generic-sdk-dark.png,Resource-Icons_07312025/Res_General-Icons/Res_48_Dark/Res_SDK_48_Dark.svg
aws.general,InternetAlt1,internet-alt1.png,Resource-Icons_07312025/Res_General-Icons/Res_48_Light/Res_Internet-alt1_48_Light.svg
aws.general,InternetAlt1,internet-alt1-dark.png,Resource-Icons_07312025/Res_General-Icons/Res_48_Dark/Res_Internet-alt1_48_Dark.svg
aws.general,InternetAlt2,internet-alt2.png,Resource-Icons_07312025/Res_General-Icons/Res_48_Light/Res_Internet-alt2_48_Light.svg
aws.general,InternetAlt2,internet-alt2-dark.png,Resource-Icons_07312025/Res_General-Icons/Res_48_Dark/Res_Internet-alt2_48_Dark.svg
aws.general,InternetGateway,internet-gateway.png,Resource-Icons_07312025/Res_General-Icons/Res_48_Light/Res_Internet_48_Light.svg
aws.general,InternetGateway,internet-gateway-dark.png,Resource-Icons_07312025/Res_General-Icons/Res_48_Dark/Res_Internet_48_Dark.svg
aws.general,Marketplace,marketplace.png,Architecture-Service-Icons_07312025/Arch_General-Icons/64/Arch_AWS-Marketplace_Light_64.svg
aws.general,Marketplace,marketplace-dark.png,Architecture-Service-Icons_07312025/Arch_General-Icons/64/Arch_AWS-Marketplace_Dark_64.svg
aws.general,MobileClient,mobile-client.png,Resource-Icons_07312025/Res_General-Icons/Res_48_Light/Res_Mobile-client_48_Light.svg
aws.general,MobileClient,mobile-client-dark.png,Resource-Icons_07312025/Res_General-Icons/Res_48_Dark/Res_Mobile-client_48_Dark.svg
aws.general,Multimedia,multimedia.png,Resource-Icons_07312025/Res_General-Icons/Res_48_Light/Res_Multimedia_48_Light.svg
aws.general,Multimedia,multimedia-dark.png,Resource-Icons_07312025/Res_General-Icons/Res_48_Dark/Res_Multimedia_48_Dark.svg
aws.general,OfficeBuilding,office-building.png,Resource-Icons_07312025/Res_General-Icons/Res_48_Light/Res_Office-building_48_Light.svg
aws.general,OfficeBuilding,office-building-dark.png,Resource-Icons_07312025/Res_General-Icons/Res_48_Dark/Res_Office-building_48_Dark.svg
aws.general,SamlToken,saml-token.png,Resource-Icons_07312025/Res_General-Icons/Res_48_Light/Res_SAML-token_48_Light.svg
aws.general,SamlToken,saml-token-dark.png,Resource-Icons_07312025/Res_General-Icons/Res_48_Dark/Res_SAML-token_48_Dark.svg
aws.general,SDK,sdk.png,Resource-Icons_07312025/Res_General-Icons/Res_48_Light/Res_SDK_48_Light.svg
aws.general,SDK,sdk-dark.png,Resource-Icons_07312025/Res_General-Icons/Res_48_Dark/Res_SDK_48_Dark.svg
aws.general,SslPadlock,ssl-padlock.png,Resource-Icons_07312025/Res_General-Icons/Res_48_Light/Res_SSL-padlock_48_Light.svg
aws.general,SslPadlock,ssl-padlock-dark.png,Resource-Icons_07312025/Res_General-Icons/Res_48_Dark/Res_SSL-padlock_48_Dark.svg
aws.general,TapeStorage,tape-storage.png,Resource-Icons_07312025/Res_General-Icons/Res_48_Light/Res_Tape-storage_48_Light.svg
aws.general,TapeStorage,tape-storage-dark.png,Resource-Icons_07312025/Res_General-Icons/Res_48_Dark/Res_Tape-storage_48_Dark.svg
aws.general,Toolkit,toolkit.png,Resource-Icons_07312025/Res_General-Icons/Res_48_Light/Res_Toolkit_48_Light.svg
aws.general,Toolkit,toolkit-dark.png,Resource-Icons_07312025/Res_General-Icons/Res_48_Dark/Res_Toolkit_48_Dark.svg
aws.general,TraditionalServer,traditional-server.png,Resource-Icons_07312025/Res_General-Icons/Res_48_Light/Res_Server_48_Light.svg
aws.general,TraditionalServer,traditional-server-dark.png,Resource-Icons_07312025/Res_General-Icons/Res_48_Dark/Res_Server_48_Dark.svg
aws.general,User,user.png,Resource-Icons_07312025/Res_General-Icons/Res_48_Light/Res_User_48_Light.svg
aws.general,User,user-dark.png,Resource-Icons_07312025/Res_General-Icons/Res_48_Dark/Res_User_48_Dark.svg
aws.general,Users,users.png,Resource-Icons_07312025/Res_General-Icons/Res_48_Light/Res_Users_48_Light.svg
aws.general,Users,users-dark.png,Resource-Icons_07312025/Res_General-Icons/Res_48_Dark/Res_Users_48_Dark.svg
aws.integration,ApplicationIntegration,application-integration.png,Category-Icons_07312025/Arch-Category_64/Arch-Category_Application-Integration_64.svg
aws.integration,Appsync,appsync.png,Architecture-Service-Icons_07312025/Arch_App-Integration/64/Arch_AWS-AppSync_64.svg
aws.integration,ConsoleMobileApplication,console-mobile-application.png,Architecture-Service-Icons_07312025/Arch_Management-Governance/64/Arch_AWS-Console-Mobile-Application_64.svg
aws.integration,EventResource,event-resource.png,NOT_FOUND
aws.integration,EventbridgeCustomEventBusResource,eventbridge-custom-event-bus-resource.png,Resource-Icons_07312025/Res_Application-Integration/Res_Amazon-EventBridge_Custom-Event-Bus_48.svg
aws.integration,EventbridgeDefaultEventBusResource,eventbridge-default-event-bus-resource.png,Resource-Icons_07312025/Res_Application-Integration/Res_Amazon-EventBridge_Default-Event-Bus_48.svg
aws.integration,EventbridgeSaasPartnerEventBusResource,eventbridge-saas-partner-event-bus-resource.png,Resource-Icons_07312025/Res_Application-Integration/Res_Amazon-EventBridge_Saas-Partner-Event_48.svg
aws.integration,Eventbridge,eventbridge.png,Architecture-Service-Icons_07312025/Arch_App-Integration/64/Arch_Amazon-EventBridge_64.svg
aws.integration,ExpressWorkflows,express-workflows.png,Architecture-Service-Icons_07312025/Arch_App-Integration/64/Arch_AWS-Express-Workflows_64.svg
aws.integration,MQ,mq.png,Architecture-Service-Icons_07312025/Arch_App-Integration/64/Arch_Amazon-MQ_64.svg
aws.integration,SimpleNotificationServiceSnsEmailNotification,simple-notification-service-sns-email-notification.png,Resource-Icons_07312025/Res_Application-Integration/Res_Amazon-Simple-Notification-Service_Email-Notification_48.svg
aws.integration,SimpleNotificationServiceSnsHttpNotification,simple-notification-service-sns-http-notification.png,Resource-Icons_07312025/Res_Application-Integration/Res_Amazon-Simple-Notification-Service_HTTP-Notification_48.svg
aws.integration,SimpleNotificationServiceSnsTopic,simple-notification-service-sns-topic.png,Resource-Icons_07312025/Res_Application-Integration/Res_Amazon-Simple-Notification-Service_Topic_48.svg
aws.integration,SimpleNotificationServiceSns,simple-notification-service-sns.png,Architecture-Service-Icons_07312025/Arch_App-Integration/64/Arch_Amazon-Simple-Notification-Service_64.svg
aws.integration,SimpleQueueServiceSqsMessage,simple-queue-service-sqs-message.png,Resource-Icons_07312025/Res_Application-Integration/Res_Amazon-Simple-Queue-Service_Message_48.svg
aws.integration,SimpleQueueServiceSqsQueue,simple-queue-service-sqs-queue.png,Resource-Icons_07312025/Res_Application-Integration/Res_Amazon-Simple-Queue-Service_Queue_48.svg
aws.integration,SimpleQueueServiceSqs,simple-queue-service-sqs.png,Architecture-Service-Icons_07312025/Arch_App-Integration/64/Arch_Amazon-Simple-Queue-Service_64.svg
aws.integration,StepFunctions,step-functions.png,Architecture-Service-Icons_07312025/Arch_App-Integration/64/Arch_AWS-Step-Functions_64.svg
aws.iot,Freertos,freertos.png,Architecture-Service-Icons_07312025/Arch_Internet-of-Things/64/Arch_FreeRTOS_64.svg
aws.iot,InternetOfThings,internet-of-things.png,Category-Icons_07312025/Arch-Category_64/Arch-Category_Internet-of-Things_64.svg
aws.iot,Iot1Click,iot-1-click.png,Architecture-Service-Icons_06072024/Arch_Internet-of-Things/64/Arch_AWS-IoT-1-Click_64.svg
aws.iot,IotAction,iot-action.png,Resource-Icons_07312025/Res_IoT/Res_AWS-IoT_Action_48.svg
aws.iot,IotActuator,iot-actuator.png,Resource-Icons_07312025/Res_IoT/Res_AWS-IoT_Actuator_48.svg
aws.iot,IotAlexaEcho,iot-alexa-echo.png,Resource-Icons_07312025/Res_IoT/Res_AWS-IoT_Echo_48.svg
aws.iot,IotAlexaEnabledDevice,iot-alexa-enabled-device.png,Resource-Icons_07312025/Res_IoT/Res_AWS-IoT_Alexa_Enabled-Device_48.svg
aws.iot,IotAlexaSkill,iot-alexa-skill.png,Resource-Icons_07312025/Res_IoT/Res_AWS-IoT_Alexa_Skill_48.svg
aws.iot,IotAlexaVoiceService,iot-alexa-voice-service.png,Resource-Icons_07312025/Res_IoT/Res_AWS-IoT_Alexa_Voice-Service_48.svg
aws.iot,IotAnalyticsChannel,iot-analytics-channel.png,Resource-Icons_07312025/Res_IoT/Res_AWS-IoT-Analytics_Channel_48.svg
aws.iot,IotAnalyticsDataSet,iot-analytics-data-set.png,Resource-Icons_07312025/Res_IoT/Res_AWS-IoT-Analytics_Dataset_48.svg
aws.iot,IotAnalyticsDataStore,iot-analytics-data-store.png,Resource-Icons_07312025/Res_IoT/Res_AWS-IoT-Analytics_Data-Store_48.svg
aws.iot,IotAnalyticsNotebook,iot-analytics-notebook.png,Resource-Icons_07312025/Res_IoT/Res_AWS-IoT-Analytics_Notebook_48.svg
aws.iot,IotAnalyticsPipeline,iot-analytics-pipeline.png,Resource-Icons_07312025/Res_IoT/Res_AWS-IoT-Analytics_Pipeline_48.svg
aws.iot,IotAnalytics,iot-analytics.png,Architecture-Service-Icons_07312025/Arch_Internet-of-Things/64/Arch_AWS-IoT-Analytics_64.svg
aws.iot,IotBank,iot-bank.png,Resource-Icons_07312025/Res_IoT/Res_AWS-IoT_Thing_Bank_48.svg
aws.iot,IotBicycle,iot-bicycle.png,Resource-Icons_07312025/Res_IoT/Res_AWS-IoT_Thing_Bicycle_48.svg
aws.iot,IotButton,iot-button.png,Architecture-Service-Icons_07312025/Arch_Internet-of-Things/64/Arch_AWS-IoT-Button_64.svg
aws.iot,IotCamera,iot-camera.png,Resource-Icons_07312025/Res_IoT/Res_AWS-IoT_Thing_Camera_48.svg
aws.iot,IotCar,iot-car.png,Resource-Icons_07312025/Res_IoT/Res_AWS-IoT_Thing_Car_48.svg
aws.iot,IotCart,iot-cart.png,Resource-Icons_07312025/Res_IoT/Res_AWS-IoT_Thing_Cart_48.svg
aws.iot,IotCertificate,iot-certificate.png,Resource-Icons_07312025/Res_IoT/Res_AWS-IoT_Certificate_48.svg
aws.iot,IotCoffeePot,iot-coffee-pot.png,Resource-Icons_07312025/Res_IoT/Res_AWS-IoT_Thing_Coffee-Pot_48.svg
aws.iot,IotCore,iot-core.png,Architecture-Service-Icons_07312025/Arch_Internet-of-Things/64/Arch_AWS-IoT-Core_64.svg
aws.iot,IotDesiredState,iot-desired-state.png,Resource-Icons_07312025/Res_IoT/Res_AWS-IoT_Desired-State_48.svg
aws.iot,IotDeviceDefender,iot-device-defender.png,Architecture-Service-Icons_07312025/Arch_Internet-of-Things/64/Arch_AWS-IoT-Device-Defender_64.svg
aws.iot,IotDeviceGateway,iot-device-gateway.png,Resource-Icons_07312025/Res_IoT/Res_AWS-IoT_Device-Gateway_48.svg
aws.iot,IotDeviceManagement,iot-device-management.png,Architecture-Service-Icons_07312025/Arch_Internet-of-Things/64/Arch_AWS-IoT-Device-Management_64.svg
aws.iot,IotDoorLock,iot-door-lock.png,Resource-Icons_07312025/Res_IoT/Res_AWS-IoT_Thing_Door-Lock_48.svg
aws.iot,IotEvents,iot-events.png,Architecture-Service-Icons_07312025/Arch_Internet-of-Things/64/Arch_AWS-IoT-Events_64.svg
aws.iot,IotFactory,iot-factory.png,Resource-Icons_07312025/Res_IoT/Res_AWS-IoT_Thing_Factory_48.svg
aws.iot,IotFireTvStick,iot-fire-tv-stick.png,Resource-Icons_07312025/Res_IoT/Res_AWS-IoT_Fire-TV_Stick_48.svg
aws.iot,IotFireTv,iot-fire-tv.png,Resource-Icons_07312025/Res_IoT/Res_AWS-IoT_Fire_TV_48.svg
aws.iot,IotGeneric,iot-generic.png,Resource-Icons_07312025/Res_IoT/Res_AWS-IoT_Thing_House_48.svg
aws.iot,IotGreengrassConnector,iot-greengrass-connector.png,Resource-Icons_07312025/Res_IoT/Res_AWS-IoT-Greengrass_Connector_48.svg
aws.iot,IotGreengrass,iot-greengrass.png,Architecture-Service-Icons_07312025/Arch_Internet-of-Things/64/Arch_AWS-IoT-Greengrass_64.svg
aws.iot,IotHardwareBoard,iot-hardware-board.png,Resource-Icons_07312025/Res_IoT/Res_AWS-IoT-Hardware-Board_48.svg
aws.iot,IotHouse,iot-house.png,Resource-Icons_07312025/Res_IoT/Res_AWS-IoT_Thing_House_48.svg
aws.iot,IotHttp,iot-http.png,Resource-Icons_07312025/Res_IoT/Res_AWS-IoT_HTTP_Protocol_48.svg
aws.iot,IotHttp2,iot-http2.png,Resource-Icons_07312025/Res_IoT/Res_AWS-IoT_HTTP2-Protocol_48.svg
aws.iot,IotJobs,iot-jobs.png,Resource-Icons_07312025/Res_IoT/Res_AWS-IoT-Device-Defender_IoT-Device-Jobs_48.svg
aws.iot,IotLambda,iot-lambda.png,Resource-Icons_07312025/Res_IoT/Res_AWS-IoT_Lambda_Function_48.svg
aws.iot,IotLightbulb,iot-lightbulb.png,Resource-Icons_07312025/Res_IoT/Res_AWS-IoT_Thing_Lightbulb_48.svg
aws.iot,IotMedicalEmergency,iot-medical-emergency.png,Resource-Icons_07312025/Res_IoT/Res_AWS-IoT_Thing_Medical-Emergency_48.svg
aws.iot,IotMqtt,iot-mqtt.png,Resource-Icons_07312025/Res_IoT/Res_AWS-IoT_MQTT_Protocol_48.svg
aws.iot,IotOverTheAirUpdate,iot-over-the-air-update.png,Resource-Icons_07312025/Res_IoT/Res_AWS-IoT_Over-Air-Update_48.svg
aws.iot,IotPolicyEmergency,iot-policy-emergency.png,Resource-Icons_07312025/Res_IoT/Res_AWS-IoT_Thing_Police-Emergency_48.svg
aws.iot,IotPolicy,iot-policy.png,Resource-Icons_07312025/Res_IoT/Res_AWS-IoT_Policy_48.svg
aws.iot,IotReportedState,iot-reported-state.png,Resource-Icons_07312025/Res_IoT/Res_AWS-IoT_Reported-State_48.svg
aws.iot,IotRule,iot-rule.png,Resource-Icons_07312025/Res_IoT/Res_AWS-IoT-Rule_48.svg
aws.iot,IotSensor,iot-sensor.png,Resource-Icons_07312025/Res_IoT/Res_AWS-IoT_Sensor_48.svg
aws.iot,IotServo,iot-servo.png,Resource-Icons_07312025/Res_IoT/Res_AWS-IoT_Servo_48.svg
aws.iot,IotShadow,iot-shadow.png,Resource-Icons_07312025/Res_IoT/Res_AWS-IoT_Shadow_48.svg
aws.iot,IotSimulator,iot-simulator.png,Resource-Icons_07312025/Res_IoT/Res_AWS-IoT_Simulator_48.svg
aws.iot,IotSitewise,iot-sitewise.png,Architecture-Service-Icons_07312025/Arch_Internet-of-Things/64/Arch_AWS-IoT-SiteWise_64.svg
aws.iot,IotThermostat,iot-thermostat.png,Resource-Icons_07312025/Res_IoT/Res_AWS-IoT_Thing_Thermostat_48.svg
aws.iot,IotThingsGraph,iot-things-graph.png,Architecture-Service-Icons_01312024/Arch_Internet-of-Things/64/Arch_AWS-IoT-Things-Graph_64.svg
aws.iot,IotTopic,iot-topic.png,Resource-Icons_07312025/Res_IoT/Res_AWS-IoT_Topic_48.svg
aws.iot,IotTravel,iot-travel.png,Resource-Icons_07312025/Res_IoT/Res_AWS-IoT_Thing_Travel_48.svg
aws.iot,IotUtility,iot-utility.png,Resource-Icons_07312025/Res_IoT/Res_AWS-IoT_Thing_Utility_48.svg
aws.iot,IotWindfarm,iot-windfarm.png,Resource-Icons_07312025/Res_IoT/Res_AWS-IoT_Thing_Windfarm_48.svg
aws.management,AmazonDevopsGuru,amazon-devops-guru.png,Architecture-Service-Icons_07312025/Arch_Artificial-Intelligence/64/Arch_Amazon-DevOps-Guru_64.svg
aws.management,AmazonManagedGrafana,amazon-managed-grafana.png,Architecture-Service-Icons_07312025/Arch_Management-Governance/64/Arch_Amazon-Managed-Grafana_64.svg
aws.management,AmazonManagedPrometheus,amazon-managed-prometheus.png,Architecture-Service-Icons_07312025/Arch_Management-Governance/64/Arch_Amazon-Managed-Service-for-Prometheus_64.svg
aws.management,AmazonManagedWorkflowsApacheAirflow,amazon-managed-workflows-apache-airflow.png,Architecture-Service-Icons_07312025/Arch_App-Integration/64/Arch_Amazon-Managed-Workflows-for-Apache-Airflow_64.svg
aws.management,AutoScaling,auto-scaling.png,Architecture-Service-Icons_07312025/Arch_Management-Governance/64/Arch_AWS-Auto-Scaling_64.svg
aws.management,Chatbot,chatbot.png,Architecture-Service-Icons_07312025/Arch_Management-Governance/64/Arch_AWS-Chatbot_64.svg
aws.management,CloudformationChangeSet,cloudformation-change-set.png,Resource-Icons_07312025/Res_Management-Governance/Res_AWS-CloudFormation_Change-Set_48.svg
aws.management,CloudformationStack,cloudformation-stack.png,Resource-Icons_07312025/Res_Management-Governance/Res_AWS-CloudFormation_Stack_48.svg
aws.management,CloudformationTemplate,cloudformation-template.png,Resource-Icons_07312025/Res_Management-Governance/Res_AWS-CloudFormation_Template_48.svg
aws.management,Cloudformation,cloudformation.png,Architecture-Service-Icons_07312025/Arch_Management-Governance/64/Arch_AWS-Cloudformation_64.svg
aws.management,Cloudtrail,cloudtrail.png,Architecture-Service-Icons_07312025/Arch_Management-Governance/64/Arch_AWS-Cloudtrail_64.svg
aws.management,CloudwatchAlarm,cloudwatch-alarm.png,Resource-Icons_07312025/Res_Management-Governance/Res_Amazon-CloudWatch_Alarm_48.svg
aws.management,CloudwatchEventEventBased,cloudwatch-event-event-based.png,Resource-Icons_07312025/Res_Management-Governance/Res_Amazon-CloudWatch_Event-Event-Based_48.svg
aws.management,CloudwatchEventTimeBased,cloudwatch-event-time-based.png,Resource-Icons_07312025/Res_Management-Governance/Res_Amazon-CloudWatch_Event-Time-Based_48.svg
aws.management,CloudwatchLogs,cloudwatch-logs.png,Resource-Icons_07312025/Res_Management-Governance/Res_Amazon-CloudWatch_Logs_48.svg
aws.management,CloudwatchRule,cloudwatch-rule.png,Resource-Icons_07312025/Res_Management-Governance/Res_Amazon-CloudWatch_Rule_48.svg
aws.management,Cloudwatch,cloudwatch.png,Architecture-Service-Icons_07312025/Arch_Management-Governance/64/Arch_Amazon-Cloudwatch_64.svg
aws.management,Codeguru,codeguru.png,Architecture-Service-Icons_07312025/Arch_Artificial-Intelligence/64/Arch_Amazon-CodeGuru_64.svg
aws.management,CommandLineInterface,command-line-interface.png,Architecture-Service-Icons_07312025/Arch_Developer-Tools/64/Arch_AWS-Command-Line-Interface_64.svg
aws.management,Config,config.png,Architecture-Service-Icons_07312025/Arch_Management-Governance/64/Arch_AWS-Config_64.svg
aws.management,ControlTower,control-tower.png,Architecture-Service-Icons_07312025/Arch_Management-Governance/64/Arch_AWS-Control-Tower_64.svg
aws.management,LicenseManager,license-manager.png,Architecture-Service-Icons_07312025/Arch_Management-Governance/64/Arch_AWS-License-Manager_64.svg
aws.management,ManagedServices,managed-services.png,Architecture-Service-Icons_07312025/Arch_Customer-Enablement/64/Arch_AWS-Managed-Services_64.svg
aws.management,ManagementAndGovernance,management-and-governance.png,Category-Icons_07312025/Arch-Category_64/Arch-Category_Management-Governance_64.svg
aws.management,ManagementConsole,management-console.png,Architecture-Service-Icons_07312025/Arch_Management-Governance/64/Arch_AWS-Management-Console_64.svg
aws.management,OpsworksApps,opsworks-apps.png,Resource-Icons_06072024/Res_Management-Governance/Res_AWS-OpsWorks_Apps_48.svg
aws.management,OpsworksDeployments,opsworks-deployments.png,Resource-Icons_06072024/Res_Management-Governance/Res_AWS-OpsWorks_Deployments_48.svg
aws.management,OpsworksInstances,opsworks-instances.png,Resource-Icons_06072024/Res_Management-Governance/Res_AWS-OpsWorks_Instances_48.svg
aws.management,OpsworksLayers,opsworks-layers.png,Resource-Icons_06072024/Res_Management-Governance/Res_AWS-OpsWorks_Layers_48.svg
aws.management,OpsworksMonitoring,opsworks-monitoring.png,Resource-Icons_06072024/Res_Management-Governance/Res_AWS-OpsWorks_Monitoring_48.svg
aws.management,OpsworksPermissions,opsworks-permissions.png,Resource-Icons_06072024/Res_Management-Governance/Res_AWS-OpsWorks_Permissions_48.svg
aws.management,OpsworksResources,opsworks-resources.png,Resource-Icons_06072024/Res_Management-Governance/Res_AWS-OpsWorks_Resources_48.svg
aws.management,OpsworksStack,opsworks-stack.png,Resource-Icons_06072024/Res_Management-Governance/Res_AWS-OpsWorks_Stack2_48.svg
aws.management,Opsworks,opsworks.png,Architecture-Service-Icons_06072024/Arch_Management-Governance/64/Arch_AWS-OpsWorks_64.svg
aws.management,OrganizationsAccount,organizations-account.png,Resource-Icons_07312025/Res_Management-Governance/Res_AWS-Organizations_Account_48.svg
aws.management,OrganizationsOrganizationalUnit,organizations-organizational-unit.png,Resource-Icons_07312025/Res_Management-Governance/Res_AWS-Organizations_Organizational-Unit_48.svg
aws.management,Organizations,organizations.png,Architecture-Service-Icons_07312025/Arch_Management-Governance/64/Arch_AWS-Organizations_64.svg
aws.management,PersonalHealthDashboard,personal-health-dashboard.png,Architecture-Service-Icons_07312025/Arch_Management-Governance/64/Arch_AWS-Health-Dashboard_64.svg
aws.management,Proton,proton.png,Architecture-Service-Icons_07312025/Arch_Management-Governance/64/Arch_AWS-Proton_64.svg
aws.management,ServiceCatalog,service-catalog.png,Architecture-Service-Icons_07312025/Arch_Management-Governance/64/Arch_AWS-Service-Catalog_64.svg
aws.management,SystemsManagerAppConfig,systems-manager-app-config.png,Architecture-Service-Icons_07312025/Arch_Management-Governance/64/Arch_AWS-AppConfig_64.svg
aws.management,SystemsManagerAutomation,systems-manager-automation.png,Resource-Icons_07312025/Res_Management-Governance/Res_AWS-Systems-Manager_Automation_48.svg
aws.management,SystemsManagerDocuments,systems-manager-documents.png,Resource-Icons_07312025/Res_Management-Governance/Res_AWS-Systems-Manager_Documents_48.svg
aws.management,SystemsManagerInventory,systems-manager-inventory.png,Resource-Icons_07312025/Res_Management-Governance/Res_AWS-Systems-Manager_Inventory_48.svg
aws.management,SystemsManagerMaintenanceWindows,systems-manager-maintenance-windows.png,Resource-Icons_07312025/Res_Management-Governance/Res_AWS-Systems-Manager_Maintenance-Windows_48.svg
aws.management,SystemsManagerOpscenter,systems-manager-opscenter.png,Resource-Icons_07312025/Res_Management-Governance/Res_AWS-Systems-Manager_OpsCenter_48.svg
aws.management,SystemsManagerParameterStore,systems-manager-parameter-store.png,Resource-Icons_07312025/Res_Management-Governance/Res_AWS-Systems-Manager_Parameter-Store_48.svg
aws.management,SystemsManagerPatchManager,systems-manager-patch-manager.png,Resource-Icons_07312025/Res_Management-Governance/Res_AWS-Systems-Manager_Patch-Manager_48.svg
aws.management,SystemsManagerRunCommand,systems-manager-run-command.png,Resource-Icons_07312025/Res_Management-Governance/Res_AWS-Systems-Manager_Run-Command_48.svg
aws.management,SystemsManagerStateManager,systems-manager-state-manager.png,Resource-Icons_07312025/Res_Management-Governance/Res_AWS-Systems-Manager_State-Manager_48.svg
aws.management,SystemsManager,systems-manager.png,Architecture-Service-Icons_07312025/Arch_Management-Governance/64/Arch_AWS-Systems-Manager_64.svg
aws.management,TrustedAdvisorChecklistCost,trusted-advisor-checklist-cost.png,Resource-Icons_07312025/Res_Management-Governance/Res_AWS-Trusted-Advisor_Checklist-Cost_48.svg
aws.management,TrustedAdvisorChecklistFaultTolerant,trusted-advisor-checklist-fault-tolerant.png,Resource-Icons_07312025/Res_Management-Governance/Res_AWS-Trusted-Advisor_Checklist-Fault-Tolerant_48.svg
aws.management,TrustedAdvisorChecklistPerformance,trusted-advisor-checklist-performance.png,Resource-Icons_07312025/Res_Management-Governance/Res_AWS-Trusted-Advisor_Checklist-Performance_48.svg
aws.management,TrustedAdvisorChecklistSecurity,trusted-advisor-checklist-security.png,Resource-Icons_07312025/Res_Management-Governance/Res_AWS-Trusted-Advisor_Checklist-Security_48.svg
aws.management,TrustedAdvisorChecklist,trusted-advisor-checklist.png,Resource-Icons_07312025/Res_Management-Governance/Res_AWS-Trusted-Advisor_Checklist_48.svg
aws.management,TrustedAdvisor,trusted-advisor.png,Architecture-Service-Icons_07312025/Arch_Management-Governance/64/Arch_AWS-Trusted-Advisor_64.svg
aws.management,WellArchitectedTool,well-architected-tool.png,Architecture-Service-Icons_07312025/Arch_Management-Governance/64/Arch_AWS-Well-Architected-Tool_64.svg
aws.media,ElasticTranscoder,elastic-transcoder.png,Architecture-Service-Icons_07312025/Arch_Media-Services/64/Arch_Amazon-Elastic-Transcoder_64.svg
aws.media,ElementalConductor,elemental-conductor.png,Architecture-Service-Icons_07312025/Arch_Media-Services/64/Arch_AWS-Elemental-Conductor_64.svg
aws.media,ElementalDelta,elemental-delta.png,Architecture-Service-Icons_07312025/Arch_Media-Services/64/Arch_AWS-Elemental-Delta_64.svg
aws.media,ElementalLive,elemental-live.png,Architecture-Service-Icons_07312025/Arch_Media-Services/64/Arch_AWS-Elemental-Live_64.svg
aws.media,ElementalMediaconnect,elemental-mediaconnect.png,Architecture-Service-Icons_07312025/Arch_Media-Services/64/Arch_AWS-Elemental-MediaConnect_64.svg
aws.media,ElementalMediaconvert,elemental-mediaconvert.png,Architecture-Service-Icons_07312025/Arch_Media-Services/64/Arch_AWS-Elemental-MediaConvert_64.svg
aws.media,ElementalMedialive,elemental-medialive.png,Architecture-Service-Icons_07312025/Arch_Media-Services/64/Arch_AWS-Elemental-MediaLive_64.svg
aws.media,ElementalMediapackage,elemental-mediapackage.png,Architecture-Service-Icons_07312025/Arch_Media-Services/64/Arch_AWS-Elemental-MediaPackage_64.svg
aws.media,ElementalMediastore,elemental-mediastore.png,Architecture-Service-Icons_07312025/Arch_Media-Services/64/Arch_AWS-Elemental-MediaStore_64.svg
aws.media,ElementalMediatailor,elemental-mediatailor.png,Architecture-Service-Icons_07312025/Arch_Media-Services/64/Arch_AWS-Elemental-MediaTailor_64.svg
aws.media,ElementalServer,elemental-server.png,Architecture-Service-Icons_07312025/Arch_Media-Services/64/Arch_AWS-Elemental-Server_64.svg
aws.media,KinesisVideoStreams,kinesis-video-streams.png,Architecture-Service-Icons_07312025/Arch_Media-Services/64/Arch_Amazon-Kinesis-Video-Streams_64.svg
aws.media,MediaServices,media-services.png,Category-Icons_07312025/Arch-Category_64/Arch-Category_Media-Services_64.svg
aws.migration,ApplicationDiscoveryService,application-discovery-service.png,Architecture-Service-Icons_07312025/Arch_Migration-Modernization/64/Arch_AWS-Application-Discovery-Service_64.svg
aws.migration,CloudendureMigration,cloudendure-migration.png,Architecture-Service-Icons_07312025/Arch_Migration-Modernization/64/Arch_AWS-Application-Migration-Service_64.svg
aws.migration,DatabaseMigrationService,database-migration-service.png,Architecture-Service-Icons_07312025/Arch_Database/64/Arch_AWS-Database-Migration-Service_64.svg
aws.migration,DatasyncAgent,datasync-agent.png,Resource-Icons_07312025/Res_Migration-Modernization/Res_AWS-Datasync_Agent_48.svg
aws.migration,Datasync,datasync.png,Architecture-Service-Icons_07312025/Arch_Migration-Modernization/64/Arch_AWS-Datasync_64.svg
aws.migration,MigrationAndTransfer,migration-and-transfer.png,Architecture-Service-Icons_07312025/Arch_Migration-Modernization/64/Arch_AWS-Migration-Hub_64.svg
aws.migration,MigrationHub,migration-hub.png,Architecture-Service-Icons_07312025/Arch_Migration-Modernization/64/Arch_AWS-Migration-Hub_64.svg
aws.migration,ServerMigrationService,server-migration-service.png,Architecture-Service-Icons_01312023/Arch_Migration-Transfer/64/Arch_AWS-Server-Migration-Service_64.svg
aws.migration,SnowballEdge,snowball-edge.png,Architecture-Service-Icons_07312025/Arch_Storage/64/Arch_AWS-Snowball-Edge_64.svg
aws.migration,Snowball,snowball.png,Architecture-Service-Icons_07312025/Arch_Storage/64/Arch_AWS-Snowball_64.svg
aws.migration,Snowmobile,snowmobile.png,Architecture-Service-Icons_01312024/Arch_Storage/64/Arch_AWS-Snowmobile_64.svg
aws.migration,TransferForSftp,transfer-for-sftp.png,Architecture-Service-Icons_07312025/Arch_Migration-Modernization/64/Arch_AWS-Transfer-Family_64.svg
aws.ml,ApacheMxnetOnAWS,apache-mxnet-on-aws.png,Architecture-Service-Icons_07312025/Arch_Artificial-Intelligence/64/Arch_Apache-MXNet-on-AWS_64.svg
aws.ml,AugmentedAi,augmented-ai.png,Architecture-Service-Icons_07312025/Arch_Artificial-Intelligence/64/Arch_Amazon-Augmented-AI-A2I_64.svg
aws.ml,Bedrock,bedrock.png,Architecture-Service-Icons_07312025/Arch_Artificial-Intelligence/64/Arch_Amazon-Bedrock_64.svg
aws.ml,Comprehend,comprehend.png,Architecture-Service-Icons_07312025/Arch_Artificial-Intelligence/64/Arch_Amazon-Comprehend_64.svg
aws.ml,DeepLearningAmis,deep-learning-amis.png,Architecture-Service-Icons_07312025/Arch_Artificial-Intelligence/64/Arch_AWS-Deep-Learning-AMIs_64.svg
aws.ml,DeepLearningContainers,deep-learning-containers.png,Architecture-Service-Icons_07312025/Arch_Artificial-Intelligence/64/Arch_AWS-Deep-Learning-Containers_64.svg
aws.ml,Deepcomposer,deepcomposer.png,Architecture-Service-Icons_07312025/Arch_Artificial-Intelligence/64/Arch_AWS-Deepcomposer_64.svg
aws.ml,Deeplens,deeplens.png,Architecture-Service-Icons_02072025/Arch_Artificial-Intelligence/64/Arch_AWS-DeepLens_64.svg
aws.ml,Deepracer,deepracer.png,Architecture-Service-Icons_07312025/Arch_Artificial-Intelligence/64/Arch_AWS-Deepracer_64.svg
aws.ml,ElasticInference,elastic-inference.png,Architecture-Service-Icons_07312025/Arch_Artificial-Intelligence/64/Arch_Amazon-Elastic-Inference_64.svg
aws.ml,Forecast,forecast.png,Architecture-Service-Icons_07312025/Arch_Artificial-Intelligence/64/Arch_Amazon-Forecast_64.svg
aws.ml,FraudDetector,fraud-detector.png,Architecture-Service-Icons_07312025/Arch_Artificial-Intelligence/64/Arch_Amazon-Fraud-Detector_64.svg
aws.ml,Kendra,kendra.png,Architecture-Service-Icons_07312025/Arch_Artificial-Intelligence/64/Arch_Amazon-Kendra_64.svg
aws.ml,Lex,lex.png,Architecture-Service-Icons_07312025/Arch_Artificial-Intelligence/64/Arch_Amazon-Lex_64.svg
aws.ml,MachineLearning,machine-learning.png,Category-Icons_07312025/Arch-Category_64/Arch-Category_Artificial-Intelligence_64.svg
aws.ml,Personalize,personalize.png,Architecture-Service-Icons_07312025/Arch_Artificial-Intelligence/64/Arch_Amazon-Personalize_64.svg
aws.ml,Polly,polly.png,Architecture-Service-Icons_07312025/Arch_Artificial-Intelligence/64/Arch_Amazon-Polly_64.svg
aws.ml,RekognitionImage,rekognition-image.png,Resource-Icons_07312025/Res_Artificial-Intelligence/Res_Amazon-Rekognition_Image_48.svg
aws.ml,RekognitionVideo,rekognition-video.png,Resource-Icons_07312025/Res_Artificial-Intelligence/Res_Amazon-Rekognition_Video_48.svg
aws.ml,Rekognition,rekognition.png,Architecture-Service-Icons_07312025/Arch_Artificial-Intelligence/64/Arch_Amazon-Rekognition_64.svg
aws.ml,SagemakerGroundTruth,sagemaker-ground-truth.png,Architecture-Service-Icons_07312025/Arch_Artificial-Intelligence/64/Arch_Amazon-SageMaker-Ground-Truth_64.svg
aws.ml,SagemakerModel,sagemaker-model.png,Resource-Icons_07312025/Res_Artificial-Intelligence/Res_Amazon-SageMaker-AI_Model_48.svg
aws.ml,SagemakerNotebook,sagemaker-notebook.png,Resource-Icons_07312025/Res_Artificial-Intelligence/Res_Amazon-SageMaker-AI_Notebook_48.svg
aws.ml,SagemakerTrainingJob,sagemaker-training-job.png,Resource-Icons_07312025/Res_Artificial-Intelligence/Res_Amazon-SageMaker-AI_Train_48.svg
aws.ml,Sagemaker,sagemaker.png,Architecture-Service-Icons_07312025/Arch_Artificial-Intelligence/64/Arch_Amazon-SageMaker-AI_64.svg
aws.ml,TensorflowOnAWS,tensorflow-on-aws.png,Architecture-Service-Icons_07312025/Arch_Artificial-Intelligence/64/Arch_TensorFlow-on-AWS_64.svg
aws.ml,Textract,textract.png,Architecture-Service-Icons_07312025/Arch_Artificial-Intelligence/64/Arch_Amazon-Textract_64.svg
aws.ml,Transcribe,transcribe.png,Architecture-Service-Icons_07312025/Arch_Artificial-Intelligence/64/Arch_Amazon-Transcribe_64.svg
aws.ml,Translate,translate.png,Architecture-Service-Icons_07312025/Arch_Artificial-Intelligence/64/Arch_Amazon-Translate_64.svg
aws.mobile,Amplify,amplify.png,Architecture-Service-Icons_07312025/Arch_Front-End-Web-Mobile/64/Arch_AWS-Amplify_64.svg
aws.mobile,APIGatewayEndpoint,api-gateway-endpoint.png,Resource-Icons_07312025/Res_Networking-Content-Delivery/Res_Amazon-API-Gateway_Endpoint_48.svg
aws.mobile,APIGateway,api-gateway.png,Architecture-Service-Icons_07312025/Arch_Networking-Content-Delivery/64/Arch_Amazon-API-Gateway_64.svg
aws.mobile,Appsync,appsync.png,Architecture-Service-Icons_07312025/Arch_App-Integration/64/Arch_AWS-AppSync_64.svg
aws.mobile,DeviceFarm,device-farm.png,Architecture-Service-Icons_07312025/Arch_Front-End-Web-Mobile/64/Arch_AWS-Device-Farm_64.svg
aws.mobile,Mobile,mobile.png,Category-Icons_07312025/Arch-Category_64/Arch-Category_Front-End-Web-Mobile_64.svg
aws.mobile,Pinpoint,pinpoint.png,Architecture-Service-Icons_07312025/Arch_Business-Applications/64/Arch_Amazon-Pinpoint_64.svg
aws.network,APIGatewayEndpoint,api-gateway-endpoint.png,Resource-Icons_07312025/Res_Networking-Content-Delivery/Res_Amazon-API-Gateway_Endpoint_48.svg
aws.network,APIGateway,api-gateway.png,Architecture-Service-Icons_07312025/Arch_Networking-Content-Delivery/64/Arch_Amazon-API-Gateway_64.svg
aws.network,AppMesh,app-mesh.png,Architecture-Service-Icons_07312025/Arch_Networking-Content-Delivery/64/Arch_AWS-App-Mesh_64.svg
aws.network,ClientVpn,client-vpn.png,Architecture-Service-Icons_07312025/Arch_Networking-Content-Delivery/64/Arch_AWS-Client-VPN_64.svg
aws.network,CloudMap,cloud-map.png,Architecture-Service-Icons_07312025/Arch_Networking-Content-Delivery/64/Arch_AWS-Cloud-Map_64.svg
aws.network,CloudFrontDownloadDistribution,cloudfront-download-distribution.png,Resource-Icons_07312025/Res_Networking-Content-Delivery/Res_Amazon-CloudFront_Download-Distribution_48.svg
aws.network,CloudFrontEdgeLocation,cloudfront-edge-location.png,Resource-Icons_07312025/Res_Networking-Content-Delivery/Res_Amazon-CloudFront_Edge-Location_48.svg
aws.network,CloudFrontStreamingDistribution,cloudfront-streaming-distribution.png,Resource-Icons_07312025/Res_Networking-Content-Delivery/Res_Amazon-CloudFront_Streaming-Distribution_48.svg
aws.network,CloudFront,cloudfront.png,Architecture-Service-Icons_07312025/Arch_Networking-Content-Delivery/64/Arch_Amazon-CloudFront_64.svg
aws.network,DirectConnect,direct-connect.png,Architecture-Service-Icons_07312025/Arch_Networking-Content-Delivery/64/Arch_AWS-Direct-Connect_64.svg
aws.network,ElasticLoadBalancing,elastic-load-balancing.png,Architecture-Service-Icons_07312025/Arch_Networking-Content-Delivery/64/Arch_Elastic-Load-Balancing_64.svg
aws.network,ElbApplicationLoadBalancer,elb-application-load-balancer.png,Resource-Icons_07312025/Res_Networking-Content-Delivery/Res_Elastic-Load-Balancing_Application-Load-Balancer_48.svg
aws.network,ElbClassicLoadBalancer,elb-classic-load-balancer.png,Resource-Icons_07312025/Res_Networking-Content-Delivery/Res_Elastic-Load-Balancing_Classic-Load-Balancer_48.svg
aws.network,ElbNetworkLoadBalancer,elb-network-load-balancer.png,Resource-Icons_07312025/Res_Networking-Content-Delivery/Res_Elastic-Load-Balancing_Network-Load-Balancer_48.svg
aws.network,Endpoint,endpoint.png,Resource-Icons_07312025/Res_Networking-Content-Delivery/Res_Amazon-VPC_Endpoints_48.svg
aws.network,GlobalAccelerator,global-accelerator.png,Architecture-Service-Icons_07312025/Arch_Networking-Content-Delivery/64/Arch_AWS-Global-Accelerator_64.svg
aws.network,InternetGateway,internet-gateway.png,Resource-Icons_07312025/Res_Networking-Content-Delivery/Res_Amazon-VPC_Internet-Gateway_48.svg
aws.network,Nacl,nacl.png,Resource-Icons_07312025/Res_Networking-Content-Delivery/Res_Amazon-VPC_Network-Access-Control-List_48.svg
aws.network,NATGateway,nat-gateway.png,Resource-Icons_07312025/Res_Networking-Content-Delivery/Res_Amazon-VPC_NAT-Gateway_48.svg
aws.network,NetworkFirewall,network-firewall.png,Architecture-Service-Icons_07312025/Arch_Security-Identity-Compliance/64/Arch_AWS-Network-Firewall_64.svg
aws.network,NetworkingAndContentDelivery,networking-and-content-delivery.png,Category-Icons_07312025/Arch-Category_64/Arch-Category_Networking-Content-Delivery_64.svg
aws.network,PrivateSubnet,private-subnet.png,Architecture-Group-Icons_07312025/Private-subnet_32.svg
aws.network,Privatelink,privatelink.png,Architecture-Service-Icons_07312025/Arch_Networking-Content-Delivery/64/Arch_AWS-Privatelink_64.svg
aws.network,PublicSubnet,public-subnet.png,Architecture-Group-Icons_07312025/Public-subnet_32.svg
aws.network,Route53HostedZone,route-53-hosted-zone.png,Resource-Icons_07312025/Res_Networking-Content-Delivery/Res_Amazon-Route-53-Hosted-Zone_48.svg
aws.network,Route53,route-53.png,Architecture-Service-Icons_07312025/Arch_Networking-Content-Delivery/64/Arch_Amazon-Route-53_64.svg
aws.network,RouteTable,route-table.png,Resource-Icons_07312025/Res_Networking-Content-Delivery/Res_Amazon-Route-53_Route-Table_48.svg
aws.network,SiteToSiteVpn,site-to-site-vpn.png,Architecture-Service-Icons_07312025/Arch_Networking-Content-Delivery/64/Arch_AWS-Site-to-Site-VPN_64.svg
aws.network,TransitGatewayAttachment,transit-gateway-attachment.png,Resource-Icons_07312025/Res_Networking-Content-Delivery/Res_AWS-Transit-Gateway_Attachment_48.svg
aws.network,TransitGateway,transit-gateway.png,Architecture-Service-Icons_07312025/Arch_Networking-Content-Delivery/64/Arch_AWS-Transit-Gateway_64.svg
aws.network,VPCCustomerGateway,vpc-customer-gateway.png,Resource-Icons_07312025/Res_Networking-Content-Delivery/Res_Amazon-VPC_Customer-Gateway_48.svg
aws.network,VPCElasticNetworkAdapter,vpc-elastic-network-adapter.png,Resource-Icons_07312025/Res_Networking-Content-Delivery/Res_Amazon-VPC_Elastic-Network-Adapter_48.svg
aws.network,VPCElasticNetworkInterface,vpc-elastic-network-interface.png,Resource-Icons_07312025/Res_Networking-Content-Delivery/Res_Amazon-VPC_Elastic-Network-Interface_48.svg
aws.network,VPCFlowLogs,vpc-flow-logs.png,Resource-Icons_07312025/Res_Networking-Content-Delivery/Res_Amazon-VPC_Flow-Logs_48.svg
aws.network,VPCPeering,vpc-peering.png,Resource-Icons_07312025/Res_Networking-Content-Delivery/Res_Amazon-VPC_Peering-Connection_48.svg
aws.network,VPCRouter,vpc-router.png,Resource-Icons_07312025/Res_Networking-Content-Delivery/Res_Amazon-VPC_Router_48.svg
aws.network,VPCTrafficMirroring,vpc-traffic-mirroring.png,Resource-Icons_07312025/Res_Networking-Content-Delivery/Res_Amazon-VPC_Traffic-Mirroring_48.svg
aws.network,VPC,vpc.png,Architecture-Service-Icons_07312025/Arch_Networking-Content-Delivery/64/Arch_Amazon-Virtual-Private-Cloud_64.svg
aws.network,VpnConnection,vpn-connection.png,Resource-Icons_07312025/Res_Networking-Content-Delivery/Res_Amazon-VPC_VPN-Connection_48.svg
aws.network,VpnGateway,vpn-gateway.png,Resource-Icons_07312025/Res_Networking-Content-Delivery/Res_Amazon-VPC_VPN-Gateway_48.svg
aws.quantum,Braket,braket.png,Architecture-Service-Icons_07312025/Arch_Quantum-Technologies/64/Arch_Amazon-Braket_64.svg
aws.quantum,QuantumTechnologies,quantum-technologies.png,Category-Icons_07312025/Arch-Category_64/Arch-Category_Quantum-Technologies_64.svg
aws.robotics,RobomakerCloudExtensionRos,robomaker-cloud-extension-ros.png,Resource-Icons_02072025/Res_Robotics/Res_AWS-RoboMaker_Cloud-Extensions-ROS_48.svg
aws.robotics,RobomakerDevelopmentEnvironment,robomaker-development-environment.png,Resource-Icons_02072025/Res_Robotics/Res_AWS-RoboMaker_Development-Environment_48.svg
aws.robotics,RobomakerFleetManagement,robomaker-fleet-management.png,Resource-Icons_02072025/Res_Robotics/Res_AWS-RoboMaker_Fleet-Management_48.svg
aws.robotics,RobomakerSimulator,robomaker-simulator.png,Resource-Icons_02072025/Res_Robotics/Res_AWS-RoboMaker_Simulation_48.svg
aws.robotics,Robomaker,robomaker.png,Architecture-Service-Icons_02072025/Arch_Robotics/64/Arch_AWS-RoboMaker_64.svg
aws.robotics,Robotics,robotics.png,Category-Icons_02072025/Arch-Category_64/Arch-Category_Robotics_64.svg
aws.satellite,GroundStation,ground-station.png,Architecture-Service-Icons_07312025/Arch_Satellite/64/Arch_AWS-Ground-Station_64.svg
aws.satellite,Satellite,satellite.png,Category-Icons_07312025/Arch-Category_64/Arch-Category_Satellite_64.svg
aws.security,AdConnector,ad-connector.png,Resource-Icons_07312025/Res_Security-Identity-Compliance/Res_AWS-Directory-Service_AD-Connector_48.svg
aws.security,Artifact,artifact.png,Architecture-Service-Icons_07312025/Arch_Security-Identity-Compliance/64/Arch_AWS-Artifact_64.svg
aws.security,CertificateAuthority,certificate-authority.png,Resource-Icons_07312025/Res_Security-Identity-Compliance/Res_AWS-Certificate-Manager_Certificate-Authority_48.svg
aws.security,CertificateManager,certificate-manager.png,Architecture-Service-Icons_07312025/Arch_Security-Identity-Compliance/64/Arch_AWS-Certificate-Manager_64.svg
aws.security,CloudDirectory,cloud-directory.png,Architecture-Service-Icons_07312025/Arch_Security-Identity-Compliance/64/Arch_Amazon-Cloud-Directory_64.svg
aws.security,Cloudhsm,cloudhsm.png,Architecture-Service-Icons_07312025/Arch_Security-Identity-Compliance/64/Arch_AWS-Cloudhsm_64.svg
aws.security,Cognito,cognito.png,Architecture-Service-Icons_07312025/Arch_Security-Identity-Compliance/64/Arch_Amazon-Cognito_64.svg
aws.security,Detective,detective.png,Architecture-Service-Icons_07312025/Arch_Security-Identity-Compliance/64/Arch_Amazon-Detective_64.svg
aws.security,DirectoryService,directory-service.png,Architecture-Service-Icons_07312025/Arch_Security-Identity-Compliance/64/Arch_AWS-Directory-Service_64.svg
aws.security,FirewallManager,firewall-manager.png,Architecture-Service-Icons_07312025/Arch_Security-Identity-Compliance/64/Arch_AWS-Firewall-Manager_64.svg
aws.security,Guardduty,guardduty.png,Architecture-Service-Icons_07312025/Arch_Security-Identity-Compliance/64/Arch_Amazon-Guardduty_64.svg
aws.security,IdentityAndAccessManagementIamAccessAnalyzer,identity-and-access-management-iam-access-analyzer.png,Resource-Icons_07312025/Res_Security-Identity-Compliance/Res_AWS-Identity-Access-Management_IAM-Access-Analyzer_48.svg
aws.security,IdentityAndAccessManagementIamAddOn,identity-and-access-management-iam-add-on.png,Resource-Icons_07312025/Res_Security-Identity-Compliance/Res_AWS-Identity-Access-Management_Add-on_48.svg
aws.security,IdentityAndAccessManagementIamAWSStsAlternate,identity-and-access-management-iam-aws-sts-alternate.png,Resource-Icons_07312025/Res_Security-Identity-Compliance/Res_AWS-Identity-Access-Management_AWS-STS-Alternate_48.svg
aws.security,IdentityAndAccessManagementIamAWSSts,identity-and-access-management-iam-aws-sts.png,Resource-Icons_07312025/Res_Security-Identity-Compliance/Res_AWS-Identity-Access-Management_AWS-STS_48.svg
aws.security,IdentityAndAccessManagementIamDataEncryptionKey,identity-and-access-management-iam-data-encryption-key.png,Resource-Icons_07312025/Res_Security-Identity-Compliance/Res_AWS-Identity-Access-Management_Data-Encryption-Key_48.svg
aws.security,IdentityAndAccessManagementIamEncryptedData,identity-and-access-management-iam-encrypted-data.png,Resource-Icons_07312025/Res_Security-Identity-Compliance/Res_AWS-Identity-Access-Management_Encrypted-Data_48.svg
aws.security,IdentityAndAccessManagementIamLongTermSecurityCredential,identity-and-access-management-iam-long-term-security-credential.png,Resource-Icons_07312025/Res_Security-Identity-Compliance/Res_AWS-Identity-Access-Management_Long-Term-Security-Credential_48.svg
aws.security,IdentityAndAccessManagementIamMfaToken,identity-and-access-management-iam-mfa-token.png,Resource-Icons_07312025/Res_Security-Identity-Compliance/Res_AWS-Identity-Access-Management_MFA-Token_48.svg
aws.security,IdentityAndAccessManagementIamPermissions,identity-and-access-management-iam-permissions.png,Resource-Icons_07312025/Res_Security-Identity-Compliance/Res_AWS-Identity-Access-Management_Permissions_48.svg
aws.security,IdentityAndAccessManagementIamRole,identity-and-access-management-iam-role.png,Resource-Icons_07312025/Res_Security-Identity-Compliance/Res_AWS-Identity-Access-Management_Role_48.svg
aws.security,IdentityAndAccessManagementIamTemporarySecurityCredential,identity-and-access-management-iam-temporary-security-credential.png,Resource-Icons_07312025/Res_Security-Identity-Compliance/Res_AWS-Identity-Access-Management_Temporary-Security-Credential_48.svg
aws.security,IdentityAndAccessManagementIam,identity-and-access-management-iam.png,Architecture-Service-Icons_07312025/Arch_Security-Identity-Compliance/64/Arch_AWS-Identity-and-Access-Management_64.svg
aws.security,InspectorAgent,inspector-agent.png,Resource-Icons_07312025/Res_Security-Identity-Compliance/Res_Amazon-Inspector_Agent_48.svg
aws.security,Inspector,inspector.png,Architecture-Service-Icons_07312025/Arch_Security-Identity-Compliance/64/Arch_Amazon-Inspector_64.svg
aws.security,KeyManagementService,key-management-service.png,Architecture-Service-Icons_07312025/Arch_Security-Identity-Compliance/64/Arch_AWS-Key-Management-Service_64.svg
aws.security,Macie,macie.png,Architecture-Service-Icons_07312025/Arch_Security-Identity-Compliance/64/Arch_Amazon-Macie_64.svg
aws.security,ManagedMicrosoftAd,managed-microsoft-ad.png,Resource-Icons_07312025/Res_Security-Identity-Compliance/Res_AWS-Directory-Service_AWS-Managed-Microsoft-AD_48.svg
aws.security,ResourceAccessManager,resource-access-manager.png,Architecture-Service-Icons_07312025/Arch_Security-Identity-Compliance/64/Arch_AWS-Resource-Access-Manager_64.svg
aws.security,SecretsManager,secrets-manager.png,Architecture-Service-Icons_07312025/Arch_Security-Identity-Compliance/64/Arch_AWS-Secrets-Manager_64.svg
aws.security,SecurityHubFinding,security-hub-finding.png,Resource-Icons_07312025/Res_Security-Identity-Compliance/Res_AWS-Security-Hub_Finding_48.svg
aws.security,SecurityHub,security-hub.png,Architecture-Service-Icons_07312025/Arch_Security-Identity-Compliance/64/Arch_AWS-Security-Hub_64.svg
aws.security,SecurityIdentityAndCompliance,security-identity-and-compliance.png,Category-Icons_07312025/Arch-Category_64/Arch-Category_Security-Identity-Compliance_64.svg
aws.security,ShieldAdvanced,shield-advanced.png,Resource-Icons_07312025/Res_Security-Identity-Compliance/Res_AWS-Shield_AWS-Shield-Advanced_48.svg
aws.security,Shield,shield.png,Architecture-Service-Icons_07312025/Arch_Security-Identity-Compliance/64/Arch_AWS-Shield_64.svg
aws.security,SimpleAd,simple-ad.png,Resource-Icons_07312025/Res_Security-Identity-Compliance/Res_AWS-Directory-Service_Simple-AD_48.svg
aws.security,SingleSignOn,single-sign-on.png,Architecture-Service-Icons_07312025/Arch_Security-Identity-Compliance/64/Arch_AWS-IAM-Identity-Center_64.svg
aws.security,WAFFilteringRule,waf-filtering-rule.png,Resource-Icons_07312025/Res_Security-Identity-Compliance/Res_AWS-WAF_Filtering-Rule_48.svg
aws.security,WAF,waf.png,Architecture-Service-Icons_07312025/Arch_Security-Identity-Compliance/64/Arch_AWS-WAF_64.svg
aws.storage,Backup,backup.png,Architecture-Service-Icons_07312025/Arch_Storage/64/Arch_AWS-Backup_64.svg
aws.storage,CloudendureDisasterRecovery,cloudendure-disaster-recovery.png,Architecture-Service-Icons_07312025/Arch_Storage/64/Arch_AWS-Elastic-Disaster-Recovery_64.svg
aws.storage,EFSInfrequentaccessPrimaryBg,efs-infrequentaccess-primary-bg.png,Resource-Icons_07312025/Res_Storage/Res_Amazon-Elastic-File-System_EFS-Standard-Infrequent-Access_48.svg
aws.storage,EFSStandardPrimaryBg,efs-standard-primary-bg.png,Resource-Icons_07312025/Res_Storage/Res_Amazon-Elastic-File-System_EFS-Standard_48.svg
aws.storage,ElasticBlockStoreEBSSnapshot,elastic-block-store-ebs-snapshot.png,Resource-Icons_07312025/Res_Storage/Res_Amazon-Elastic-Block-Store_Snapshot_48.svg
aws.storage,ElasticBlockStoreEBSVolume,elastic-block-store-ebs-volume.png,Resource-Icons_07312025/Res_Storage/Res_Amazon-Elastic-Block-Store_Volume_48.svg
aws.storage,ElasticBlockStoreEBS,elastic-block-store-ebs.png,Architecture-Service-Icons_07312025/Arch_Storage/64/Arch_Amazon-Elastic-Block-Store_64.svg
aws.storage,ElasticFileSystemEFSFileSystem,elastic-file-system-efs-file-system.png,Resource-Icons_07312025/Res_Storage/Res_Amazon-Elastic-File-System_File-System_48.svg
aws.storage,ElasticFileSystemEFS,elastic-file-system-efs.png,Architecture-Service-Icons_07312025/Arch_Storage/64/Arch_Amazon-EFS_64.svg
aws.storage,FsxForLustre,fsx-for-lustre.png,Architecture-Service-Icons_07312025/Arch_Storage/64/Arch_Amazon-FSx-for-Lustre_64.svg
aws.storage,FsxForWindowsFileServer,fsx-for-windows-file-server.png,Architecture-Service-Icons_07312025/Arch_Storage/64/Arch_Amazon-FSx-for-WFS_64.svg
aws.storage,Fsx,fsx.png,Architecture-Service-Icons_07312025/Arch_Storage/64/Arch_Amazon-Fsx_64.svg
aws.storage,MultipleVolumesResource,multiple-volumes-resource.png,Resource-Icons_07312025/Res_Storage/Res_Amazon-Elastic-Block-Store_Multiple-Volumes_48.svg
aws.storage,S3AccessPoints,s3-access-points.png,Resource-Icons_07312025/Res_Storage/Res_Amazon-Simple-Storage-Service_General-Access-Points_48.svg
aws.storage,S3GlacierArchive,s3-glacier-archive.png,Resource-Icons_07312025/Res_Storage/Res_Amazon-Simple-Storage-Service-Glacier_Archive_48.svg
aws.storage,S3GlacierVault,s3-glacier-vault.png,Resource-Icons_07312025/Res_Storage/Res_Amazon-Simple-Storage-Service-Glacier_Vault_48.svg
aws.storage,S3Glacier,s3-glacier.png,Architecture-Service-Icons_07312025/Arch_Storage/64/Arch_Amazon-Simple-Storage-Service-Glacier_64.svg
aws.storage,S3ObjectLambdaAccessPoints,s3-object-lambda-access-points.png,Resource-Icons_07312025/Res_Storage/Res_Amazon-Simple-Storage-Service_S3-Object-Lambda-Access-Points_48.svg
aws.storage,SimpleStorageServiceS3BucketWithObjects,simple-storage-service-s3-bucket-with-objects.png,Resource-Icons_07312025/Res_Storage/Res_Amazon-Simple-Storage-Service_Bucket-With-Objects_48.svg
aws.storage,SimpleStorageServiceS3Bucket,simple-storage-service-s3-bucket.png,Resource-Icons_07312025/Res_Storage/Res_Amazon-Simple-Storage-Service_Bucket_48.svg
aws.storage,SimpleStorageServiceS3Object,simple-storage-service-s3-object.png,Resource-Icons_07312025/Res_Storage/Res_Amazon-Simple-Storage-Service_Object_48.svg
aws.storage,SimpleStorageServiceS3,simple-storage-service-s3.png,Architecture-Service-Icons_07312025/Arch_Storage/64/Arch_Amazon-Simple-Storage-Service_64.svg
aws.storage,SnowFamilySnowballImportExport,snow-family-snowball-import-export.png,Resource-Icons_07312025/Res_Storage/Res_AWS-Snowball_Snowball-Import-Export_48.svg
aws.storage,SnowballEdge,snowball-edge.png,Architecture-Service-Icons_07312025/Arch_Storage/64/Arch_AWS-Snowball-Edge_64.svg
aws.storage,Snowball,snowball.png,Architecture-Service-Icons_07312025/Arch_Storage/64/Arch_AWS-Snowball_64.svg
aws.storage,Snowmobile,snowmobile.png,Architecture-Service-Icons_01312024/Arch_Storage/64/Arch_AWS-Snowmobile_64.svg
aws.storage,StorageGatewayCachedVolume,storage-gateway-cached-volume.png,Resource-Icons_07312025/Res_Storage/Res_AWS-Storage-Gateway_Cached-Volume_48.svg
aws.storage,StorageGatewayNonCachedVolume,storage-gateway-non-cached-volume.png,Resource-Icons_07312025/Res_Storage/Res_AWS-Storage-Gateway_Noncached-Volume_48.svg
aws.storage,StorageGatewayVirtualTapeLibrary,storage-gateway-virtual-tape-library.png,Resource-Icons_07312025/Res_Storage/Res_AWS-Storage-Gateway_Virtual-Tape-Library_48.svg
aws.storage,StorageGateway,storage-gateway.png,Architecture-Service-Icons_07312025/Arch_Storage/64/Arch_AWS-Storage-Gateway_64.svg
aws.storage,Storage,storage.png,Category-Icons_07312025/Arch-Category_64/Arch-Category_Storage_64.svg
